Crop,Year,Month,Price_Quintal,Price_Tonne,crop_type
Paddy,2015,1,1965.1,19651.03,paddy
Paddy,2015,2,1934.25,19342.5,paddy
Paddy,2015,3,2082.59,20825.94,paddy
Paddy,2015,4,2194.19,21941.94,paddy
Paddy,2015,5,1854.6,18545.96,paddy
Paddy,2015,6,1766.28,17662.84,paddy
Paddy,2015,7,1926.04,19260.36,paddy
Paddy,2015,8,1745.06,17450.56,paddy
Paddy,2015,9,1559.16,15591.56,paddy
Paddy,2015,10,1715.48,17154.78,paddy
Paddy,2015,11,1646.6,16466.04,paddy
Paddy,2015,12,1732.93,17329.35,paddy
Paddy,2016,1,2042.18,20421.8,paddy
Paddy,2016,2,1755.9,17559.03,paddy
Paddy,2016,3,1809.18,18091.79,paddy
Paddy,2016,4,1979.98,19799.77,paddy
Paddy,2016,5,1841.07,18410.72,paddy
Paddy,2016,6,1955.97,19559.67,paddy
Paddy,2016,7,1680.93,16809.29,paddy
Paddy,2016,8,1545.86,15458.58,paddy
Paddy,2016,9,1918.54,19185.45,paddy
Paddy,2016,10,1711.28,17112.84,paddy
Paddy,2016,11,1822.39,18223.92,paddy
Paddy,2016,12,1690.53,16905.26,paddy
Paddy,2017,1,2024.61,20246.12,paddy
Paddy,2017,2,2210.03,22100.3,paddy
Paddy,2017,3,2013.4,20134.05,paddy
Paddy,2017,4,2256.43,22564.31,paddy
Paddy,2017,5,2015.09,20150.85,paddy
Paddy,2017,6,1968.96,19689.56,paddy
Paddy,2017,7,1823.01,18230.09,paddy
Paddy,2017,8,2114.27,21142.73,paddy
Paddy,2017,9,1812.44,18124.41,paddy
Paddy,2017,10,1685.59,16855.95,paddy
Paddy,2017,11,2041.23,20412.27,paddy
Paddy,2017,12,1819.1,18191.02,paddy
Paddy,2018,1,2267.46,22674.65,paddy
Paddy,2018,2,1946.12,19461.19,paddy
Paddy,2018,3,2088.15,20881.46,paddy
Paddy,2018,4,2344.29,23442.91,paddy
Paddy,2018,5,2361.95,23619.54,paddy
Paddy,2018,6,2153.12,21531.19,paddy
Paddy,2018,7,1999.13,19991.32,paddy
Paddy,2018,8,1893.32,18933.24,paddy
Paddy,2018,9,1685.49,16854.93,paddy
Paddy,2018,10,1828.33,18283.33,paddy
Paddy,2018,11,1943.44,19434.42,paddy
Paddy,2018,12,2303.63,23036.26,paddy
Paddy,2019,1,2408.02,24080.24,paddy
Paddy,2019,2,2083.23,20832.25,paddy
Paddy,2019,3,2518.86,25188.55,paddy
Paddy,2019,4,2350.58,23505.82,paddy
Paddy,2019,5,2216.69,22166.85,paddy
Paddy,2019,6,2341.22,23412.21,paddy
Paddy,2019,7,2295.29,22952.91,paddy
Paddy,2019,8,2190.59,21905.91,paddy
Paddy,2019,9,1873.93,18739.34,paddy
Paddy,2019,10,1988.27,19882.72,paddy
Paddy,2019,11,2176.59,21765.93,paddy
Paddy,2019,12,2406.19,24061.93,paddy
Paddy,2020,1,2362.81,23628.14,paddy
Paddy,2020,2,2504.88,25048.85,paddy
Paddy,2020,3,2346.18,23461.84,paddy
Paddy,2020,4,2299.33,22993.27,paddy
Paddy,2020,5,2616.71,26167.1,paddy
Paddy,2020,6,2593.89,25938.88,paddy
Paddy,2020,7,2210.19,22101.94,paddy
Paddy,2020,8,2308.94,23089.42,paddy
Paddy,2020,9,2166.93,21669.28,paddy
Paddy,2020,10,2027.04,20270.42,paddy
Paddy,2020,11,2287.27,22872.71,paddy
Paddy,2020,12,2627.92,26279.2,paddy
Paddy,2021,1,2563.03,25630.33,paddy
Paddy,2021,2,2992.96,29929.6,paddy
Paddy,2021,3,2128.44,21284.44,paddy
Paddy,2021,4,2834.9,28349.04,paddy
Paddy,2021,5,2588.3,25883.0,paddy
Paddy,2021,6,2389.44,23894.42,paddy
Paddy,2021,7,2342.67,23426.72,paddy
Paddy,2021,8,1880.46,18804.61,paddy
Paddy,2021,9,2164.48,21644.82,paddy
Paddy,2021,10,2299.88,22998.77,paddy
Paddy,2021,11,2600.56,26005.59,paddy
Paddy,2021,12,2346.5,23465.02,paddy
Paddy,2022,1,2510.21,25102.13,paddy
Paddy,2022,2,2665.87,26658.71,paddy
Paddy,2022,3,3017.5,30175.0,paddy
Paddy,2022,4,2850.4,28504.01,paddy
Paddy,2022,5,2570.06,25700.58,paddy
Paddy,2022,6,2660.95,26609.53,paddy
Paddy,2022,7,2447.06,24470.58,paddy
Paddy,2022,8,2515.56,25155.59,paddy
Paddy,2022,9,2171.2,21712.0,paddy
Paddy,2022,10,2273.45,22734.46,paddy
Paddy,2022,11,2352.03,23520.31,paddy
Paddy,2022,12,2256.74,22567.4,paddy
Paddy,2023,1,2863.46,28634.65,paddy
Paddy,2023,2,2955.16,29551.63,paddy
Paddy,2023,3,2931.6,29315.99,paddy
Paddy,2023,4,2840.38,28403.84,paddy
Paddy,2023,5,2480.47,24804.74,paddy
Paddy,2023,6,2574.35,25743.52,paddy
Paddy,2023,7,2461.41,24614.13,paddy
Paddy,2023,8,2277.12,22771.17,paddy
Paddy,2023,9,2366.66,23666.64,paddy
Paddy,2023,10,2511.94,25119.45,paddy
Paddy,2023,11,2912.68,29126.85,paddy
Paddy,2023,12,2701.21,27012.06,paddy
Paddy,2024,1,2970.57,29705.7,paddy
Paddy,2024,2,2994.12,29941.23,paddy
Paddy,2024,3,2581.14,25811.43,paddy
Paddy,2024,4,3005.67,30056.73,paddy
Paddy,2024,5,2924.62,29246.24,paddy
Paddy,2024,6,3318.25,33182.49,paddy
Paddy,2024,7,2592.87,25928.75,paddy
Paddy,2024,8,2593.02,25930.18,paddy
Paddy,2024,9,2487.87,24878.72,paddy
Paddy,2024,10,2295.22,22952.16,paddy
Paddy,2024,11,2874.16,28741.61,paddy
Paddy,2024,12,2938.75,29387.49,paddy
Paddy,2025,1,3215.37,32153.66,paddy
Paddy,2025,2,2901.75,29017.47,paddy
Paddy,2025,3,3523.52,35235.24,paddy
Paddy,2025,4,2778.46,27784.57,paddy
Paddy,2025,5,3165.97,31659.72,paddy
Paddy,2025,6,3384.68,33846.81,paddy
Paddy,2025,7,2519.19,25191.91,paddy
Paddy,2025,8,2511.41,25114.09,paddy
Paddy,2025,9,2612.66,26126.64,paddy
Paddy,2025,10,2524.63,25246.3,paddy
Paddy,2025,11,2396.59,23965.91,paddy
Paddy,2025,12,2895.8,28957.97,paddy
Wheat,2015,1,1921.53,19215.33,wheat
Wheat,2015,2,2255.54,22555.42,wheat
Wheat,2015,3,2038.18,20381.81,wheat
Wheat,2015,4,2442.67,24426.71,wheat
Wheat,2015,5,1968.41,19684.13,wheat
Wheat,2015,6,1948.47,19484.7,wheat
Wheat,2015,7,2023.65,20236.55,wheat
Wheat,2015,8,1646.91,16469.12,wheat
Wheat,2015,9,1832.75,18327.54,wheat
Wheat,2015,10,2017.83,20178.25,wheat
Wheat,2015,11,1655.66,16556.63,wheat
Wheat,2015,12,2029.54,20295.41,wheat
Wheat,2016,1,2272.28,22722.8,wheat
Wheat,2016,2,2447.68,24476.78,wheat
Wheat,2016,3,2101.23,21012.34,wheat
Wheat,2016,4,2060.25,20602.53,wheat
Wheat,2016,5,2318.95,23189.47,wheat
Wheat,2016,6,2170.37,21703.69,wheat
Wheat,2016,7,2054.36,20543.59,wheat
Wheat,2016,8,1990.07,19900.72,wheat
Wheat,2016,9,1804.2,18042.01,wheat
Wheat,2016,10,1972.38,19723.82,wheat
Wheat,2016,11,2061.22,20612.2,wheat
Wheat,2016,12,1998.85,19988.46,wheat
Wheat,2017,1,2703.06,27030.64,wheat
Wheat,2017,2,2526.25,25262.54,wheat
Wheat,2017,3,2229.17,22291.7,wheat
Wheat,2017,4,2561.83,25618.33,wheat
Wheat,2017,5,2168.6,21686.04,wheat
Wheat,2017,6,2381.05,23810.46,wheat
Wheat,2017,7,2325.24,23252.39,wheat
Wheat,2017,8,1911.68,19116.8,wheat
Wheat,2017,9,2171.37,21713.73,wheat
Wheat,2017,10,2113.57,21135.75,wheat
Wheat,2017,11,2267.95,22679.48,wheat
Wheat,2017,12,2579.91,25799.05,wheat
Wheat,2018,1,2429.35,24293.54,wheat
Wheat,2018,2,2409.75,24097.53,wheat
Wheat,2018,3,2411.27,24112.66,wheat
Wheat,2018,4,2397.02,23970.18,wheat
Wheat,2018,5,2462.72,24627.15,wheat
Wheat,2018,6,2424.41,24244.09,wheat
Wheat,2018,7,2291.63,22916.27,wheat
Wheat,2018,8,2298.27,22982.65,wheat
Wheat,2018,9,2126.21,21262.09,wheat
Wheat,2018,10,2406.28,24062.79,wheat
Wheat,2018,11,2194.53,21945.31,wheat
Wheat,2018,12,2873.57,28735.68,wheat
Wheat,2019,1,2734.34,27343.39,wheat
Wheat,2019,2,2509.99,25099.87,wheat
Wheat,2019,3,2494.29,24942.88,wheat
Wheat,2019,4,2798.79,27987.87,wheat
Wheat,2019,5,2557.45,25574.48,wheat
Wheat,2019,6,2621.66,26216.58,wheat
Wheat,2019,7,2445.2,24451.96,wheat
Wheat,2019,8,2252.03,22520.28,wheat
Wheat,2019,9,2080.8,20807.97,wheat
Wheat,2019,10,1990.71,19907.08,wheat
Wheat,2019,11,2271.84,22718.41,wheat
Wheat,2019,12,2649.91,26499.1,wheat
Wheat,2020,1,2776.76,27767.58,wheat
Wheat,2020,2,2543.61,25436.13,wheat
Wheat,2020,3,2899.62,28996.24,wheat
Wheat,2020,4,2912.25,29122.53,wheat
Wheat,2020,5,2536.97,25369.66,wheat
Wheat,2020,6,2631.97,26319.75,wheat
Wheat,2020,7,2481.5,24815.02,wheat
Wheat,2020,8,2157.68,21576.84,wheat
Wheat,2020,9,2406.98,24069.78,wheat
Wheat,2020,10,2481.37,24813.75,wheat
Wheat,2020,11,2684.01,26840.11,wheat
Wheat,2020,12,2819.19,28191.91,wheat
Wheat,2021,1,2541.23,25412.3,wheat
Wheat,2021,2,2733.82,27338.15,wheat
Wheat,2021,3,3115.28,31152.79,wheat
Wheat,2021,4,3077.04,30770.41,wheat
Wheat,2021,5,2973.68,29736.78,wheat
Wheat,2021,6,3558.35,35583.54,wheat
Wheat,2021,7,2702.01,27020.14,wheat
Wheat,2021,8,2710.14,27101.41,wheat
Wheat,2021,9,2634.83,26348.32,wheat
Wheat,2021,10,2613.91,26139.09,wheat
Wheat,2021,11,2518.83,25188.28,wheat
Wheat,2021,12,2885.15,28851.52,wheat
Wheat,2022,1,2797.63,27976.35,wheat
Wheat,2022,2,3027.49,30274.86,wheat
Wheat,2022,3,3002.7,30026.98,wheat
Wheat,2022,4,3106.16,31061.64,wheat
Wheat,2022,5,3534.18,35341.85,wheat
Wheat,2022,6,2415.76,24157.57,wheat
Wheat,2022,7,2846.12,28461.22,wheat
Wheat,2022,8,2259.37,22593.72,wheat
Wheat,2022,9,2459.5,24594.99,wheat
Wheat,2022,10,2820.03,28200.32,wheat
Wheat,2022,11,2711.87,27118.74,wheat
Wheat,2022,12,2595.14,25951.36,wheat
Wheat,2023,1,2930.15,29301.47,wheat
Wheat,2023,2,3391.21,33912.09,wheat
Wheat,2023,3,3065.75,30657.54,wheat
Wheat,2023,4,3272.04,32720.4,wheat
Wheat,2023,5,3119.33,31193.31,wheat
Wheat,2023,6,2805.7,28057.01,wheat
Wheat,2023,7,3294.3,32943.02,wheat
Wheat,2023,8,2840.77,28407.68,wheat
Wheat,2023,9,2232.4,22324.02,wheat
Wheat,2023,10,2743.99,27439.85,wheat
Wheat,2023,11,2663.12,26631.25,wheat
Wheat,2023,12,3161.86,31618.56,wheat
Wheat,2024,1,3028.96,30289.59,wheat
Wheat,2024,2,3316.02,33160.16,wheat
Wheat,2024,3,3524.87,35248.72,wheat
Wheat,2024,4,3578.53,35785.32,wheat
Wheat,2024,5,2923.46,29234.59,wheat
Wheat,2024,6,2997.58,29975.79,wheat
Wheat,2024,7,2814.82,28148.25,wheat
Wheat,2024,8,2666.23,26662.25,wheat
Wheat,2024,9,3163.51,31635.07,wheat
Wheat,2024,10,2904.41,29044.1,wheat
Wheat,2024,11,2630.85,26308.52,wheat
Wheat,2024,12,3306.16,33061.61,wheat
Wheat,2025,1,3930.44,39304.36,wheat
Wheat,2025,2,3764.33,37643.29,wheat
Wheat,2025,3,3092.15,30921.45,wheat
Wheat,2025,4,3342.43,33424.29,wheat
Wheat,2025,5,3700.55,37005.46,wheat
Wheat,2025,6,3018.84,30188.37,wheat
Wheat,2025,7,3147.94,31479.37,wheat
Wheat,2025,8,3104.0,31040.04,wheat
Wheat,2025,9,2666.44,26664.35,wheat
Wheat,2025,10,2908.95,29089.53,wheat
Wheat,2025,11,2251.72,22517.24,wheat
Wheat,2025,12,2937.76,29377.57,wheat
Maize,2015,1,1646.05,16460.55,Corn
Maize,2015,2,1565.02,15650.16,Corn
Maize,2015,3,1989.84,19898.44,Corn
Maize,2015,4,1539.65,15396.53,Corn
Maize,2015,5,1620.86,16208.58,Corn
Maize,2015,6,1616.73,16167.35,Corn
Maize,2015,7,1695.26,16952.59,Corn
Maize,2015,8,1293.56,12935.62,Corn
Maize,2015,9,1574.0,15739.96,Corn
Maize,2015,10,1462.63,14626.32,Corn
Maize,2015,11,1400.65,14006.49,Corn
Maize,2015,12,1659.15,16591.49,Corn
Maize,2016,1,1809.16,18091.59,Corn
Maize,2016,2,1754.39,17543.88,Corn
Maize,2016,3,1876.02,18760.18,Corn
Maize,2016,4,1786.07,17860.71,Corn
Maize,2016,5,1796.97,17969.72,Corn
Maize,2016,6,1785.84,17858.38,Corn
Maize,2016,7,1815.63,18156.31,Corn
Maize,2016,8,1395.72,13957.2,Corn
Maize,2016,9,1786.87,17868.69,Corn
Maize,2016,10,1307.2,13072.0,Corn
Maize,2016,11,1591.64,15916.36,Corn
Maize,2016,12,1775.82,17758.23,Corn
Maize,2017,1,1923.9,19238.97,Corn
Maize,2017,2,1850.19,18501.91,Corn
Maize,2017,3,1938.38,19383.8,Corn
Maize,2017,4,1870.39,18703.94,Corn
Maize,2017,5,1792.88,17928.84,Corn
Maize,2017,6,1913.8,19137.99,Corn
Maize,2017,7,1751.02,17510.23,Corn
Maize,2017,8,1546.08,15460.75,Corn
Maize,2017,9,1728.87,17288.7,Corn
Maize,2017,10,1677.05,16770.47,Corn
Maize,2017,11,1813.11,18131.05,Corn
Maize,2017,12,1882.26,18822.64,Corn
Maize,2018,1,1850.93,18509.28,Corn
Maize,2018,2,1959.57,19595.68,Corn
Maize,2018,3,2200.96,22009.58,Corn
Maize,2018,4,2151.68,21516.8,Corn
Maize,2018,5,1979.09,19790.85,Corn
Maize,2018,6,1905.72,19057.21,Corn
Maize,2018,7,1976.93,19769.3,Corn
Maize,2018,8,1642.88,16428.81,Corn
Maize,2018,9,1773.57,17735.7,Corn
Maize,2018,10,1696.6,16966.0,Corn
Maize,2018,11,1762.37,17623.65,Corn
Maize,2018,12,2053.96,20539.59,Corn
Maize,2019,1,2220.76,22207.61,Corn
Maize,2019,2,2296.12,22961.22,Corn
Maize,2019,3,2410.33,24103.26,Corn
Maize,2019,4,2159.44,21594.42,Corn
Maize,2019,5,2196.85,21968.52,Corn
Maize,2019,6,1934.75,19347.54,Corn
Maize,2019,7,1933.68,19336.79,Corn
Maize,2019,8,1793.31,17933.13,Corn
Maize,2019,9,1799.46,17994.56,Corn
Maize,2019,10,1898.46,18984.63,Corn
Maize,2019,11,1761.43,17614.25,Corn
Maize,2019,12,2316.1,23161.04,Corn
Maize,2020,1,2008.23,20082.29,Corn
Maize,2020,2,2040.6,20405.95,Corn
Maize,2020,3,2499.98,24999.81,Corn
Maize,2020,4,2403.27,24032.74,Corn
Maize,2020,5,2293.05,22930.46,Corn
Maize,2020,6,2184.56,21845.57,Corn
Maize,2020,7,1974.06,19740.64,Corn
Maize,2020,8,1763.49,17634.94,Corn
Maize,2020,9,1883.35,18833.52,Corn
Maize,2020,10,1796.95,17969.45,Corn
Maize,2020,11,2130.15,21301.47,Corn
Maize,2020,12,2055.53,20555.3,Corn
Maize,2021,1,2133.91,21339.12,Corn
Maize,2021,2,2303.66,23036.55,Corn
Maize,2021,3,2472.67,24726.71,Corn
Maize,2021,4,2257.82,22578.15,Corn
Maize,2021,5,2134.51,21345.11,Corn
Maize,2021,6,2218.42,22184.21,Corn
Maize,2021,7,2107.71,21077.12,Corn
Maize,2021,8,1906.95,19069.47,Corn
Maize,2021,9,1884.6,18846.01,Corn
Maize,2021,10,2024.45,20244.5,Corn
Maize,2021,11,1827.72,18277.22,Corn
Maize,2021,12,1930.99,19309.89,Corn
Maize,2022,1,2248.49,22484.86,Corn
Maize,2022,2,2426.6,24266.05,Corn
Maize,2022,3,2561.36,25613.62,Corn
Maize,2022,4,2760.15,27601.45,Corn
Maize,2022,5,2549.28,25492.83,Corn
Maize,2022,6,2242.93,22429.3,Corn
Maize,2022,7,2155.12,21551.16,Corn
Maize,2022,8,1908.8,19088.0,Corn
Maize,2022,9,2041.77,20417.72,Corn
Maize,2022,10,2027.32,20273.16,Corn
Maize,2022,11,2214.12,22141.24,Corn
Maize,2022,12,2121.64,21216.43,Corn
Maize,2023,1,2589.7,25897.04,Corn
Maize,2023,2,2888.58,28885.83,Corn
Maize,2023,3,2582.14,25821.36,Corn
Maize,2023,4,2655.77,26557.66,Corn
Maize,2023,5,2623.68,26236.78,Corn
Maize,2023,6,2291.99,22919.93,Corn
Maize,2023,7,2289.93,22899.29,Corn
Maize,2023,8,2165.1,21651.04,Corn
Maize,2023,9,2147.85,21478.53,Corn
Maize,2023,10,2029.17,20291.68,Corn
Maize,2023,11,2254.01,22540.11,Corn
Maize,2023,12,2462.34,24623.41,Corn
Maize,2024,1,2887.55,28875.52,Corn
Maize,2024,2,2882.86,28828.56,Corn
Maize,2024,3,3177.28,31772.79,Corn
Maize,2024,4,2513.03,25130.3,Corn
Maize,2024,5,2767.75,27677.49,Corn
Maize,2024,6,2500.14,25001.4,Corn
Maize,2024,7,2750.87,27508.71,Corn
Maize,2024,8,2105.08,21050.78,Corn
Maize,2024,9,2068.63,20686.27,Corn
Maize,2024,10,2142.69,21426.91,Corn
Maize,2024,11,1943.07,19430.71,Corn
Maize,2024,12,2360.36,23603.63,Corn
Maize,2025,1,2524.76,25247.56,Corn
Maize,2025,2,2815.17,28151.71,Corn
Maize,2025,3,2892.99,28929.91,Corn
Maize,2025,4,3199.22,31992.18,Corn
Maize,2025,5,2892.38,28923.79,Corn
Maize,2025,6,2441.85,24418.5,Corn
Maize,2025,7,2257.2,22572.04,Corn
Maize,2025,8,2430.32,24303.18,Corn
Maize,2025,9,2060.65,20606.55,Corn
Maize,2025,10,2680.9,26808.97,Corn
Maize,2025,11,2661.47,26614.72,Corn
Maize,2025,12,2463.91,24639.13,Corn
Bajra,2015,1,1540.36,15403.64,Millet
Bajra,2015,2,2047.3,20472.97,Millet
Bajra,2015,3,1852.86,18528.65,Millet
Bajra,2015,4,2030.15,20301.46,Millet
Bajra,2015,5,1557.32,15573.16,Millet
Bajra,2015,6,1618.48,16184.85,Millet
Bajra,2015,7,1615.68,16156.77,Millet
Bajra,2015,8,1558.61,15586.12,Millet
Bajra,2015,9,1474.91,14749.12,Millet
Bajra,2015,10,1630.15,16301.47,Millet
Bajra,2015,11,1477.06,14770.63,Millet
Bajra,2015,12,1680.64,16806.36,Millet
Bajra,2016,1,1910.31,19103.09,Millet
Bajra,2016,2,2038.64,20386.42,Millet
Bajra,2016,3,2095.05,20950.45,Millet
Bajra,2016,4,1781.89,17818.89,Millet
Bajra,2016,5,1659.88,16598.84,Millet
Bajra,2016,6,1986.19,19861.9,Millet
Bajra,2016,7,1757.41,17574.11,Millet
Bajra,2016,8,1547.38,15473.85,Millet
Bajra,2016,9,1823.05,18230.53,Millet
Bajra,2016,10,1661.17,16611.74,Millet
Bajra,2016,11,1873.41,18734.07,Millet
Bajra,2016,12,1811.73,18117.33,Millet
Bajra,2017,1,2328.79,23287.88,Millet
Bajra,2017,2,2359.42,23594.2,Millet
Bajra,2017,3,2052.69,20526.86,Millet
Bajra,2017,4,2229.7,22296.97,Millet
Bajra,2017,5,2102.42,21024.19,Millet
Bajra,2017,6,2112.47,21124.7,Millet
Bajra,2017,7,1669.17,16691.72,Millet
Bajra,2017,8,1834.56,18345.58,Millet
Bajra,2017,9,1858.7,18586.97,Millet
Bajra,2017,10,1494.42,14944.18,Millet
Bajra,2017,11,1637.58,16375.78,Millet
Bajra,2017,12,1593.38,15933.84,Millet
Bajra,2018,1,2060.9,20609.04,Millet
Bajra,2018,2,2304.85,23048.48,Millet
Bajra,2018,3,2471.81,24718.08,Millet
Bajra,2018,4,2192.65,21926.45,Millet
Bajra,2018,5,2380.73,23807.28,Millet
Bajra,2018,6,1784.52,17845.21,Millet
Bajra,2018,7,1646.01,16460.09,Millet
Bajra,2018,8,1824.13,18241.33,Millet
Bajra,2018,9,1860.87,18608.71,Millet
Bajra,2018,10,1827.48,18274.83,Millet
Bajra,2018,11,1590.51,15905.06,Millet
Bajra,2018,12,1991.7,19916.98,Millet
Bajra,2019,1,1982.41,19824.15,Millet
Bajra,2019,2,2413.27,24132.72,Millet
Bajra,2019,3,2386.81,23868.05,Millet
Bajra,2019,4,2118.33,21183.3,Millet
Bajra,2019,5,2122.41,21224.09,Millet
Bajra,2019,6,1929.37,19293.74,Millet
Bajra,2019,7,1992.56,19925.58,Millet
Bajra,2019,8,2072.57,20725.68,Millet
Bajra,2019,9,1747.59,17475.9,Millet
Bajra,2019,10,2003.08,20030.83,Millet
Bajra,2019,11,1917.65,19176.48,Millet
Bajra,2019,12,1974.29,19742.9,Millet
Bajra,2020,1,2300.63,23006.31,Millet
Bajra,2020,2,2202.51,22025.1,Millet
Bajra,2020,3,2323.33,23233.26,Millet
Bajra,2020,4,2171.27,21712.66,Millet
Bajra,2020,5,2685.23,26852.32,Millet
Bajra,2020,6,2216.23,22162.35,Millet
Bajra,2020,7,1981.97,19819.74,Millet
Bajra,2020,8,2053.16,20531.64,Millet
Bajra,2020,9,1971.13,19711.26,Millet
Bajra,2020,10,1982.92,19829.24,Millet
Bajra,2020,11,2202.66,22026.55,Millet
Bajra,2020,12,2343.93,23439.27,Millet
Bajra,2021,1,2324.57,23245.72,Millet
Bajra,2021,2,2396.5,23964.98,Millet
Bajra,2021,3,2487.24,24872.39,Millet
Bajra,2021,4,2049.59,20495.9,Millet
Bajra,2021,5,2133.34,21333.38,Millet
Bajra,2021,6,2564.82,25648.17,Millet
Bajra,2021,7,2485.44,24854.41,Millet
Bajra,2021,8,2069.7,20697.02,Millet
Bajra,2021,9,2176.78,21767.76,Millet
Bajra,2021,10,2164.36,21643.58,Millet
Bajra,2021,11,2737.4,27373.96,Millet
Bajra,2021,12,2519.08,25190.77,Millet
Bajra,2022,1,2508.76,25087.61,Millet
Bajra,2022,2,2422.54,24225.43,Millet
Bajra,2022,3,2314.14,23141.39,Millet
Bajra,2022,4,2665.75,26657.54,Millet
Bajra,2022,5,2381.33,23813.3,Millet
Bajra,2022,6,2139.33,21393.34,Millet
Bajra,2022,7,2174.68,21746.77,Millet
Bajra,2022,8,2014.16,20141.61,Millet
Bajra,2022,9,2465.84,24658.39,Millet
Bajra,2022,10,2360.46,23604.59,Millet
Bajra,2022,11,2291.84,22918.37,Millet
Bajra,2022,12,2699.81,26998.07,Millet
Bajra,2023,1,2658.15,26581.51,Millet
Bajra,2023,2,2545.52,25455.19,Millet
Bajra,2023,3,3104.83,31048.32,Millet
Bajra,2023,4,2851.76,28517.58,Millet
Bajra,2023,5,2422.58,24225.84,Millet
Bajra,2023,6,2477.69,24776.89,Millet
Bajra,2023,7,2222.77,22227.68,Millet
Bajra,2023,8,2043.88,20438.82,Millet
Bajra,2023,9,2432.18,24321.79,Millet
Bajra,2023,10,2649.15,26491.52,Millet
Bajra,2023,11,2122.77,21227.72,Millet
Bajra,2023,12,2629.31,26293.14,Millet
Bajra,2024,1,2605.82,26058.16,Millet
Bajra,2024,2,2733.87,27338.66,Millet
Bajra,2024,3,2743.32,27433.22,Millet
Bajra,2024,4,2648.1,26481.0,Millet
Bajra,2024,5,2759.57,27595.7,Millet
Bajra,2024,6,2443.97,24439.66,Millet
Bajra,2024,7,2540.91,25409.12,Millet
Bajra,2024,8,2381.66,23816.64,Millet
Bajra,2024,9,2311.16,23111.59,Millet
Bajra,2024,10,2217.66,22176.56,Millet
Bajra,2024,11,2372.34,23723.41,Millet
Bajra,2024,12,2776.21,27762.09,Millet
Bajra,2025,1,2970.45,29704.5,Millet
Bajra,2025,2,2724.42,27244.21,Millet
Bajra,2025,3,3015.78,30157.76,Millet
Bajra,2025,4,3133.22,31332.2,Millet
Bajra,2025,5,2474.57,24745.74,Millet
Bajra,2025,6,2838.24,28382.35,Millet
Bajra,2025,7,2447.02,24470.22,Millet
Bajra,2025,8,2597.85,25978.51,Millet
Bajra,2025,9,2298.52,22985.23,Millet
Bajra,2025,10,2125.71,21257.11,Millet
Bajra,2025,11,2247.55,22475.54,Millet
Bajra,2025,12,2730.46,27304.63,Millet
Jowar,2015,1,2679.54,26795.42,Jowar
Jowar,2015,2,2519.98,25199.8,Jowar
Jowar,2015,3,2890.49,28904.9,Jowar
Jowar,2015,4,2355.42,23554.24,Jowar
Jowar,2015,5,2611.12,26111.23,Jowar
Jowar,2015,6,2257.8,22577.97,Jowar
Jowar,2015,7,2251.15,22511.51,Jowar
Jowar,2015,8,2292.15,22921.52,Jowar
Jowar,2015,9,2095.13,20951.26,Jowar
Jowar,2015,10,2213.24,22132.43,Jowar
Jowar,2015,11,2566.2,25661.96,Jowar
Jowar,2015,12,2384.62,23846.22,Jowar
Jowar,2016,1,2968.53,29685.25,Jowar
Jowar,2016,2,2619.26,26192.58,Jowar
Jowar,2016,3,3038.55,30385.5,Jowar
Jowar,2016,4,3211.58,32115.76,Jowar
Jowar,2016,5,2232.31,22323.12,Jowar
Jowar,2016,6,2481.06,24810.58,Jowar
Jowar,2016,7,2633.72,26337.22,Jowar
Jowar,2016,8,2381.19,23811.86,Jowar
Jowar,2016,9,2455.81,24558.15,Jowar
Jowar,2016,10,2303.55,23035.47,Jowar
Jowar,2016,11,2534.94,25349.39,Jowar
Jowar,2016,12,2617.0,26169.96,Jowar
Jowar,2017,1,3214.66,32146.62,Jowar
Jowar,2017,2,3104.41,31044.13,Jowar
Jowar,2017,3,3163.19,31631.85,Jowar
Jowar,2017,4,2942.24,29422.37,Jowar
Jowar,2017,5,2825.32,28253.15,Jowar
Jowar,2017,6,2703.11,27031.07,Jowar
Jowar,2017,7,2743.94,27439.39,Jowar
Jowar,2017,8,2471.38,24713.79,Jowar
Jowar,2017,9,2578.42,25784.19,Jowar
Jowar,2017,10,2982.14,29821.42,Jowar
Jowar,2017,11,2845.38,28453.75,Jowar
Jowar,2017,12,2726.97,27269.71,Jowar
Jowar,2018,1,3395.16,33951.61,Jowar
Jowar,2018,2,3100.83,31008.31,Jowar
Jowar,2018,3,2715.9,27159.03,Jowar
Jowar,2018,4,2946.97,29469.66,Jowar
Jowar,2018,5,2633.92,26339.18,Jowar
Jowar,2018,6,2867.04,28670.43,Jowar
Jowar,2018,7,2806.63,28066.29,Jowar
Jowar,2018,8,3055.9,30558.98,Jowar
Jowar,2018,9,2724.44,27244.39,Jowar
Jowar,2018,10,2647.29,26472.93,Jowar
Jowar,2018,11,2988.45,29884.53,Jowar
Jowar,2018,12,2428.17,24281.72,Jowar
Jowar,2019,1,3316.35,33163.54,Jowar
Jowar,2019,2,3576.2,35761.99,Jowar
Jowar,2019,3,3006.64,30066.42,Jowar
Jowar,2019,4,3676.68,36766.84,Jowar
Jowar,2019,5,3343.14,33431.44,Jowar
Jowar,2019,6,2997.01,29970.09,Jowar
Jowar,2019,7,3094.08,30940.83,Jowar
Jowar,2019,8,3345.9,33458.95,Jowar
Jowar,2019,9,2830.59,28305.93,Jowar
Jowar,2019,10,2887.76,28877.6,Jowar
Jowar,2019,11,2836.77,28367.75,Jowar
Jowar,2019,12,2889.24,28892.39,Jowar
Jowar,2020,1,3639.18,36391.82,Jowar
Jowar,2020,2,3289.6,32896.0,Jowar
Jowar,2020,3,3595.47,35954.68,Jowar
Jowar,2020,4,3396.51,33965.12,Jowar
Jowar,2020,5,3543.26,35432.61,Jowar
Jowar,2020,6,3336.75,33367.52,Jowar
Jowar,2020,7,3343.77,33437.72,Jowar
Jowar,2020,8,2847.42,28474.21,Jowar
Jowar,2020,9,2861.85,28618.49,Jowar
Jowar,2020,10,2736.1,27361.02,Jowar
Jowar,2020,11,2977.76,29777.6,Jowar
Jowar,2020,12,3348.1,33480.98,Jowar
Jowar,2021,1,3786.2,37861.96,Jowar
Jowar,2021,2,3421.9,34218.97,Jowar
Jowar,2021,3,4000.19,40001.86,Jowar
Jowar,2021,4,4095.12,40951.15,Jowar
Jowar,2021,5,3688.08,36880.77,Jowar
Jowar,2021,6,3910.49,39104.88,Jowar
Jowar,2021,7,3030.05,30300.53,Jowar
Jowar,2021,8,2796.32,27963.24,Jowar
Jowar,2021,9,2624.57,26245.69,Jowar
Jowar,2021,10,3477.23,34772.35,Jowar
Jowar,2021,11,3399.09,33990.88,Jowar
Jowar,2021,12,3384.88,33848.81,Jowar
Jowar,2022,1,3810.99,38109.87,Jowar
Jowar,2022,2,3510.12,35101.19,Jowar
Jowar,2022,3,4669.05,46690.53,Jowar
Jowar,2022,4,3897.32,38973.16,Jowar
Jowar,2022,5,3760.12,37601.22,Jowar
Jowar,2022,6,3756.12,37561.18,Jowar
Jowar,2022,7,3502.28,35022.76,Jowar
Jowar,2022,8,3300.64,33006.38,Jowar
Jowar,2022,9,2992.95,29929.55,Jowar
Jowar,2022,10,3364.86,33648.62,Jowar
Jowar,2022,11,3880.27,38802.7,Jowar
Jowar,2022,12,3932.1,39320.99,Jowar
Jowar,2023,1,4380.16,43801.62,Jowar
Jowar,2023,2,3856.0,38560.05,Jowar
Jowar,2023,3,3747.78,37477.85,Jowar
Jowar,2023,4,3979.97,39799.72,Jowar
Jowar,2023,5,3902.32,39023.19,Jowar
Jowar,2023,6,4023.88,40238.81,Jowar
Jowar,2023,7,3039.08,30390.79,Jowar
Jowar,2023,8,3793.11,37931.08,Jowar
Jowar,2023,9,3287.91,32879.07,Jowar
Jowar,2023,10,3264.16,32641.57,Jowar
Jowar,2023,11,3230.4,32303.96,Jowar
Jowar,2023,12,3210.16,32101.62,Jowar
Jowar,2024,1,4308.71,43087.13,Jowar
Jowar,2024,2,4207.96,42079.57,Jowar
Jowar,2024,3,3797.96,37979.61,Jowar
Jowar,2024,4,3749.99,37499.91,Jowar
Jowar,2024,5,3933.91,39339.07,Jowar
Jowar,2024,6,4364.06,43640.59,Jowar
Jowar,2024,7,3581.54,35815.44,Jowar
Jowar,2024,8,3093.71,30937.06,Jowar
Jowar,2024,9,3396.88,33968.8,Jowar
Jowar,2024,10,3439.86,34398.56,Jowar
Jowar,2024,11,2868.39,28683.91,Jowar
Jowar,2024,12,3833.28,38332.77,Jowar
Jowar,2025,1,4122.41,41224.06,Jowar
Jowar,2025,2,4588.49,45884.9,Jowar
Jowar,2025,3,5050.83,50508.33,Jowar
Jowar,2025,4,4738.13,47381.31,Jowar
Jowar,2025,5,4109.65,41096.53,Jowar
Jowar,2025,6,3645.91,36459.12,Jowar
Jowar,2025,7,4582.3,45823.01,Jowar
Jowar,2025,8,3670.9,36708.99,Jowar
Jowar,2025,9,3604.01,36040.12,Jowar
Jowar,2025,10,3646.54,36465.38,Jowar
Jowar,2025,11,3860.22,38602.18,Jowar
Jowar,2025,12,3953.8,39538.05,Jowar
Ragi,2015,1,2805.07,28050.75,ragi
Ragi,2015,2,2909.38,29093.82,ragi
Ragi,2015,3,3071.93,30719.3,ragi
Ragi,2015,4,2910.22,29102.18,ragi
Ragi,2015,5,2772.34,27723.39,ragi
Ragi,2015,6,2823.84,28238.4,ragi
Ragi,2015,7,2605.74,26057.41,ragi
Ragi,2015,8,2865.23,28652.31,ragi
Ragi,2015,9,1985.56,19855.64,ragi
Ragi,2015,10,2780.84,27808.36,ragi
Ragi,2015,11,2925.17,29251.67,ragi
Ragi,2015,12,2335.56,23355.61,ragi
Ragi,2016,1,3030.96,30309.64,ragi
Ragi,2016,2,3129.2,31292.04,ragi
Ragi,2016,3,2897.18,28971.8,ragi
Ragi,2016,4,3024.36,30243.57,ragi
Ragi,2016,5,2839.52,28395.2,ragi
Ragi,2016,6,3384.06,33840.59,ragi
Ragi,2016,7,3030.66,30306.59,ragi
Ragi,2016,8,2986.73,29867.35,ragi
Ragi,2016,9,2825.42,28254.18,ragi
Ragi,2016,10,2466.1,24660.98,ragi
Ragi,2016,11,2701.29,27012.85,ragi
Ragi,2016,12,3084.2,30841.97,ragi
Ragi,2017,1,2970.86,29708.62,ragi
Ragi,2017,2,3601.95,36019.54,ragi
Ragi,2017,3,3383.28,33832.78,ragi
Ragi,2017,4,3305.41,33054.07,ragi
Ragi,2017,5,3480.08,34800.84,ragi
Ragi,2017,6,3247.46,32474.57,ragi
Ragi,2017,7,2893.17,28931.69,ragi
Ragi,2017,8,3130.08,31300.79,ragi
Ragi,2017,9,2578.3,25783.05,ragi
Ragi,2017,10,3005.56,30055.58,ragi
Ragi,2017,11,3120.56,31205.57,ragi
Ragi,2017,12,3058.34,30583.41,ragi
Ragi,2018,1,3559.71,35597.14,ragi
Ragi,2018,2,3230.8,32308.01,ragi
Ragi,2018,3,3903.06,39030.63,ragi
Ragi,2018,4,3537.03,35370.29,ragi
Ragi,2018,5,3324.13,33241.26,ragi
Ragi,2018,6,3581.27,35812.74,ragi
Ragi,2018,7,2961.94,29619.36,ragi
Ragi,2018,8,2677.82,26778.21,ragi
Ragi,2018,9,2603.3,26032.97,ragi
Ragi,2018,10,3164.17,31641.74,ragi
Ragi,2018,11,2817.28,28172.79,ragi
Ragi,2018,12,3767.83,37678.27,ragi
Ragi,2019,1,3038.41,30384.09,ragi
Ragi,2019,2,4284.7,42847.0,ragi
Ragi,2019,3,3883.67,38836.73,ragi
Ragi,2019,4,3743.49,37434.95,ragi
Ragi,2019,5,3486.68,34866.75,ragi
Ragi,2019,6,3582.86,35828.64,ragi
Ragi,2019,7,3288.47,32884.69,ragi
Ragi,2019,8,3451.23,34512.29,ragi
Ragi,2019,9,3153.36,31533.55,ragi
Ragi,2019,10,3209.45,32094.48,ragi
Ragi,2019,11,3202.45,32024.53,ragi
Ragi,2019,12,3456.18,34561.83,ragi
Ragi,2020,1,3916.11,39161.13,ragi
Ragi,2020,2,3414.1,34141.04,ragi
Ragi,2020,3,3572.15,35721.49,ragi
Ragi,2020,4,4190.42,41904.16,ragi
Ragi,2020,5,3874.24,38742.44,ragi
Ragi,2020,6,3586.42,35864.24,ragi
Ragi,2020,7,3463.1,34631.0,ragi
Ragi,2020,8,3417.22,34172.17,ragi
Ragi,2020,9,3134.54,31345.4,ragi
Ragi,2020,10,3117.75,31177.52,ragi
Ragi,2020,11,3512.18,35121.79,ragi
Ragi,2020,12,3355.1,33550.98,ragi
Ragi,2021,1,4128.99,41289.89,ragi
Ragi,2021,2,3574.19,35741.89,ragi
Ragi,2021,3,4533.67,45336.74,ragi
Ragi,2021,4,4294.22,42942.23,ragi
Ragi,2021,5,4080.3,40802.97,ragi
Ragi,2021,6,4107.37,41073.67,ragi
Ragi,2021,7,4099.6,40996.02,ragi
Ragi,2021,8,3760.47,37604.74,ragi
Ragi,2021,9,2922.48,29224.76,ragi
Ragi,2021,10,3122.17,31221.66,ragi
Ragi,2021,11,3436.77,34367.73,ragi
Ragi,2021,12,3815.95,38159.48,ragi
Ragi,2022,1,4347.69,43476.9,ragi
Ragi,2022,2,4069.5,40694.95,ragi
Ragi,2022,3,4438.95,44389.47,ragi
Ragi,2022,4,4059.25,40592.51,ragi
Ragi,2022,5,3970.56,39705.63,ragi
Ragi,2022,6,3528.57,35285.69,ragi
Ragi,2022,7,3498.22,34982.21,ragi
Ragi,2022,8,3238.96,32389.59,ragi
Ragi,2022,9,3299.03,32990.35,ragi
Ragi,2022,10,3937.79,39377.87,ragi
Ragi,2022,11,3490.31,34903.14,ragi
Ragi,2022,12,4813.31,48133.08,ragi
Ragi,2023,1,4522.92,45229.22,ragi
Ragi,2023,2,4569.46,45694.65,ragi
Ragi,2023,3,4245.38,42453.81,ragi
Ragi,2023,4,4755.15,47551.54,ragi
Ragi,2023,5,4150.82,41508.23,ragi
Ragi,2023,6,4184.45,41844.49,ragi
Ragi,2023,7,4743.08,47430.83,ragi
Ragi,2023,8,3756.03,37560.31,ragi
Ragi,2023,9,4072.51,40725.06,ragi
Ragi,2023,10,3572.19,35721.91,ragi
Ragi,2023,11,3925.78,39257.81,ragi
Ragi,2023,12,4731.06,47310.56,ragi
Ragi,2024,1,4300.51,43005.08,ragi
Ragi,2024,2,5364.8,53647.98,ragi
Ragi,2024,3,5011.76,50117.61,ragi
Ragi,2024,4,4474.6,44745.98,ragi
Ragi,2024,5,4756.66,47566.63,ragi
Ragi,2024,6,4647.49,46474.92,ragi
Ragi,2024,7,4300.17,43001.75,ragi
Ragi,2024,8,3443.81,34438.15,ragi
Ragi,2024,9,3655.05,36550.5,ragi
Ragi,2024,10,3860.58,38605.8,ragi
Ragi,2024,11,4072.01,40720.07,ragi
Ragi,2024,12,4526.11,45261.07,ragi
Ragi,2025,1,4770.87,47708.72,ragi
Ragi,2025,2,4347.95,43479.45,ragi
Ragi,2025,3,5077.89,50778.89,ragi
Ragi,2025,4,5105.76,51057.65,ragi
Ragi,2025,5,4914.66,49146.6,ragi
Ragi,2025,6,4867.35,48673.52,ragi
Ragi,2025,7,4539.93,45399.34,ragi
Ragi,2025,8,4242.34,42423.39,ragi
Ragi,2025,9,4009.37,40093.67,ragi
Ragi,2025,10,3548.29,35482.86,ragi
Ragi,2025,11,4402.28,44022.76,ragi
Ragi,2025,12,4554.44,45544.35,ragi
Soybean,2015,1,3754.84,37548.44,soyabean
Soybean,2015,2,3414.66,34146.6,soyabean
Soybean,2015,3,3517.03,35170.35,soyabean
Soybean,2015,4,4123.53,41235.29,soyabean
Soybean,2015,5,3663.37,36633.71,soyabean
Soybean,2015,6,3690.82,36908.2,soyabean
Soybean,2015,7,3332.53,33325.33,soyabean
Soybean,2015,8,3204.5,32045.01,soyabean
Soybean,2015,9,3386.45,33864.48,soyabean
Soybean,2015,10,3064.91,30649.12,soyabean
Soybean,2015,11,3350.57,33505.68,soyabean
Soybean,2015,12,3370.56,33705.63,soyabean
Soybean,2016,1,3760.09,37600.94,soyabean
Soybean,2016,2,3931.59,39315.86,soyabean
Soybean,2016,3,4153.52,41535.22,soyabean
Soybean,2016,4,3876.9,38768.97,soyabean
Soybean,2016,5,4286.84,42868.44,soyabean
Soybean,2016,6,3444.48,34444.81,soyabean
Soybean,2016,7,3471.81,34718.1,soyabean
Soybean,2016,8,3269.5,32694.95,soyabean
Soybean,2016,9,3725.52,37255.17,soyabean
Soybean,2016,10,3441.99,34419.9,soyabean
Soybean,2016,11,3815.44,38154.39,soyabean
Soybean,2016,12,3269.09,32690.86,soyabean
Soybean,2017,1,4203.93,42039.34,soyabean
Soybean,2017,2,4562.63,45626.31,soyabean
Soybean,2017,3,4340.38,43403.85,soyabean
Soybean,2017,4,4622.55,46225.54,soyabean
Soybean,2017,5,3945.67,39456.67,soyabean
Soybean,2017,6,4361.97,43619.71,soyabean
Soybean,2017,7,4408.89,44088.88,soyabean
Soybean,2017,8,3476.59,34765.86,soyabean
Soybean,2017,9,3402.26,34022.61,soyabean
Soybean,2017,10,3996.83,39968.28,soyabean
Soybean,2017,11,4194.59,41945.86,soyabean
Soybean,2017,12,3756.03,37560.31,soyabean
Soybean,2018,1,4190.73,41907.29,soyabean
Soybean,2018,2,4386.5,43865.04,soyabean
Soybean,2018,3,4054.37,40543.73,soyabean
Soybean,2018,4,4157.86,41578.6,soyabean
Soybean,2018,5,3988.14,39881.43,soyabean
Soybean,2018,6,3876.32,38763.2,soyabean
Soybean,2018,7,3912.61,39126.13,soyabean
Soybean,2018,8,3843.01,38430.14,soyabean
Soybean,2018,9,4178.06,41780.57,soyabean
Soybean,2018,10,3471.04,34710.42,soyabean
Soybean,2018,11,4232.46,42324.59,soyabean
Soybean,2018,12,4059.3,40592.98,soyabean
Soybean,2019,1,4538.97,45389.68,soyabean
Soybean,2019,2,4970.44,49704.43,soyabean
Soybean,2019,3,4345.21,43452.1,soyabean
Soybean,2019,4,4860.13,48601.26,soyabean
Soybean,2019,5,4617.68,46176.82,soyabean
Soybean,2019,6,4510.98,45109.79,soyabean
Soybean,2019,7,4218.38,42183.79,soyabean
Soybean,2019,8,4742.8,47427.98,soyabean
Soybean,2019,9,3706.72,37067.19,soyabean
Soybean,2019,10,3795.75,37957.49,soyabean
Soybean,2019,11,3917.46,39174.63,soyabean
Soybean,2019,12,4147.14,41471.38,soyabean
Soybean,2020,1,4533.89,45338.91,soyabean
Soybean,2020,2,5414.33,54143.25,soyabean
Soybean,2020,3,5573.77,55737.7,soyabean
Soybean,2020,4,4718.3,47182.98,soyabean
Soybean,2020,5,4459.37,44593.74,soyabean
Soybean,2020,6,4721.6,47215.95,soyabean
Soybean,2020,7,4131.54,41315.41,soyabean
Soybean,2020,8,4366.39,43663.94,soyabean
Soybean,2020,9,4161.48,41614.78,soyabean
Soybean,2020,10,3652.01,36520.09,soyabean
Soybean,2020,11,4857.63,48576.27,soyabean
Soybean,2020,12,5203.7,52036.99,soyabean
Soybean,2021,1,4752.98,47529.83,soyabean
Soybean,2021,2,5011.81,50118.06,soyabean
Soybean,2021,3,5355.74,53557.43,soyabean
Soybean,2021,4,5310.62,53106.19,soyabean
Soybean,2021,5,5261.31,52613.12,soyabean
Soybean,2021,6,5525.49,55254.86,soyabean
Soybean,2021,7,4457.99,44579.88,soyabean
Soybean,2021,8,4070.11,40701.07,soyabean
Soybean,2021,9,3811.28,38112.8,soyabean
Soybean,2021,10,4093.54,40935.39,soyabean
Soybean,2021,11,4510.02,45100.16,soyabean
Soybean,2021,12,5443.37,54433.68,soyabean
Soybean,2022,1,5002.41,50024.08,soyabean
Soybean,2022,2,5497.1,54970.98,soyabean
Soybean,2022,3,5459.82,54598.17,soyabean
Soybean,2022,4,5913.84,59138.4,soyabean
Soybean,2022,5,6273.44,62734.44,soyabean
Soybean,2022,6,4758.93,47589.27,soyabean
Soybean,2022,7,4536.63,45366.29,soyabean
Soybean,2022,8,4918.79,49187.9,soyabean
Soybean,2022,9,4717.01,47170.08,soyabean
Soybean,2022,10,5210.25,52102.48,soyabean
Soybean,2022,11,4942.06,49420.61,soyabean
Soybean,2022,12,4827.15,48271.45,soyabean
Soybean,2023,1,5696.01,56960.06,soyabean
Soybean,2023,2,6127.84,61278.37,soyabean
Soybean,2023,3,6072.01,60720.09,soyabean
Soybean,2023,4,5857.02,58570.21,soyabean
Soybean,2023,5,5903.13,59031.31,soyabean
Soybean,2023,6,5664.56,56645.56,soyabean
Soybean,2023,7,5465.13,54651.28,soyabean
Soybean,2023,8,4976.94,49769.43,soyabean
Soybean,2023,9,4599.67,45996.72,soyabean
Soybean,2023,10,4786.93,47869.32,soyabean
Soybean,2023,11,5395.98,53959.78,soyabean
Soybean,2023,12,4841.46,48414.62,soyabean
Soybean,2024,1,5826.42,58264.21,soyabean
Soybean,2024,2,5672.49,56724.92,soyabean
Soybean,2024,3,5942.63,59426.34,soyabean
Soybean,2024,4,6455.8,64557.97,soyabean
Soybean,2024,5,5746.02,57460.22,soyabean
Soybean,2024,6,5410.02,54100.23,soyabean
Soybean,2024,7,4563.45,45634.49,soyabean
Soybean,2024,8,5217.13,52171.29,soyabean
Soybean,2024,9,5101.5,51015.0,soyabean
Soybean,2024,10,5775.23,57752.25,soyabean
Soybean,2024,11,4994.42,49944.22,soyabean
Soybean,2024,12,5484.5,54844.98,soyabean
Soybean,2025,1,5997.31,59973.1,soyabean
Soybean,2025,2,6852.88,68528.75,soyabean
Soybean,2025,3,6113.04,61130.38,soyabean
Soybean,2025,4,6220.8,62208.01,soyabean
Soybean,2025,5,6165.95,61659.55,soyabean
Soybean,2025,6,5683.6,56836.01,soyabean
Soybean,2025,7,5130.0,51299.98,soyabean
Soybean,2025,8,5194.45,51944.48,soyabean
Soybean,2025,9,5472.89,54728.88,soyabean
Soybean,2025,10,4694.97,46949.74,soyabean
Soybean,2025,11,5376.59,53765.92,soyabean
Soybean,2025,12,5286.35,52863.46,soyabean
Groundnut,2015,1,5751.92,57519.2,Groundnut
Groundnut,2015,2,4770.97,47709.73,Groundnut
Groundnut,2015,3,5254.07,52540.74,Groundnut
Groundnut,2015,4,5596.96,55969.64,Groundnut
Groundnut,2015,5,5907.52,59075.2,Groundnut
Groundnut,2015,6,4973.7,49737.0,Groundnut
Groundnut,2015,7,4539.02,45390.24,Groundnut
Groundnut,2015,8,5254.28,52542.85,Groundnut
Groundnut,2015,9,3978.71,39787.15,Groundnut
Groundnut,2015,10,3763.63,37636.34,Groundnut
Groundnut,2015,11,4917.21,49172.05,Groundnut
Groundnut,2015,12,4799.18,47991.78,Groundnut
Groundnut,2016,1,5110.35,51103.47,Groundnut
Groundnut,2016,2,6085.35,60853.47,Groundnut
Groundnut,2016,3,5943.71,59437.09,Groundnut
Groundnut,2016,4,5499.11,54991.11,Groundnut
Groundnut,2016,5,4995.01,49950.08,Groundnut
Groundnut,2016,6,5669.92,56699.22,Groundnut
Groundnut,2016,7,5296.9,52969.01,Groundnut
Groundnut,2016,8,4802.6,48025.98,Groundnut
Groundnut,2016,9,5474.68,54746.77,Groundnut
Groundnut,2016,10,4426.58,44265.84,Groundnut
Groundnut,2016,11,4420.52,44205.18,Groundnut
Groundnut,2016,12,5006.63,50066.31,Groundnut
Groundnut,2017,1,5858.56,58585.56,Groundnut
Groundnut,2017,2,6203.43,62034.31,Groundnut
Groundnut,2017,3,6041.12,60411.19,Groundnut
Groundnut,2017,4,6256.35,62563.54,Groundnut
Groundnut,2017,5,5291.28,52912.76,Groundnut
Groundnut,2017,6,6246.81,62468.07,Groundnut
Groundnut,2017,7,5285.04,52850.36,Groundnut
Groundnut,2017,8,5572.23,55722.26,Groundnut
Groundnut,2017,9,5178.19,51781.87,Groundnut
Groundnut,2017,10,5301.93,53019.3,Groundnut
Groundnut,2017,11,5562.49,55624.93,Groundnut
Groundnut,2017,12,5800.57,58005.73,Groundnut
Groundnut,2018,1,6513.53,65135.33,Groundnut
Groundnut,2018,2,7092.65,70926.46,Groundnut
Groundnut,2018,3,6592.03,65920.34,Groundnut
Groundnut,2018,4,6774.59,67745.86,Groundnut
Groundnut,2018,5,6150.53,61505.27,Groundnut
Groundnut,2018,6,6579.74,65797.35,Groundnut
Groundnut,2018,7,5301.71,53017.06,Groundnut
Groundnut,2018,8,6165.47,61654.73,Groundnut
Groundnut,2018,9,5292.94,52929.41,Groundnut
Groundnut,2018,10,4772.2,47722.04,Groundnut
Groundnut,2018,11,5662.44,56624.42,Groundnut
Groundnut,2018,12,5578.54,55785.44,Groundnut
Groundnut,2019,1,6947.81,69478.07,Groundnut
Groundnut,2019,2,6385.2,63852.01,Groundnut
Groundnut,2019,3,6576.56,65765.62,Groundnut
Groundnut,2019,4,5718.56,57185.59,Groundnut
Groundnut,2019,5,6274.44,62744.39,Groundnut
Groundnut,2019,6,4997.76,49977.56,Groundnut
Groundnut,2019,7,5143.66,51436.65,Groundnut
Groundnut,2019,8,6007.57,60075.66,Groundnut
Groundnut,2019,9,5930.78,59307.81,Groundnut
Groundnut,2019,10,5855.82,58558.16,Groundnut
Groundnut,2019,11,5434.36,54343.61,Groundnut
Groundnut,2019,12,6176.34,61763.35,Groundnut
Groundnut,2020,1,6823.03,68230.33,Groundnut
Groundnut,2020,2,6408.4,64084.02,Groundnut
Groundnut,2020,3,8009.94,80099.44,Groundnut
Groundnut,2020,4,7558.66,75586.55,Groundnut
Groundnut,2020,5,6704.35,67043.54,Groundnut
Groundnut,2020,6,6513.98,65139.81,Groundnut
Groundnut,2020,7,6277.94,62779.41,Groundnut
Groundnut,2020,8,4967.33,49673.27,Groundnut
Groundnut,2020,9,5734.32,57343.21,Groundnut
Groundnut,2020,10,5613.16,56131.64,Groundnut
Groundnut,2020,11,5680.2,56802.0,Groundnut
Groundnut,2020,12,6353.83,63538.28,Groundnut
Groundnut,2021,1,8166.84,81668.39,Groundnut
Groundnut,2021,2,7767.71,77677.07,Groundnut
Groundnut,2021,3,7138.21,71382.06,Groundnut
Groundnut,2021,4,7727.36,77273.58,Groundnut
Groundnut,2021,5,7939.31,79393.12,Groundnut
Groundnut,2021,6,7303.0,73030.01,Groundnut
Groundnut,2021,7,6490.82,64908.17,Groundnut
Groundnut,2021,8,5889.65,58896.47,Groundnut
Groundnut,2021,9,6461.85,64618.5,Groundnut
Groundnut,2021,10,6406.62,64066.21,Groundnut
Groundnut,2021,11,6922.64,69226.36,Groundnut
Groundnut,2021,12,7145.53,71455.33,Groundnut
Groundnut,2022,1,8080.95,80809.53,Groundnut
Groundnut,2022,2,7384.54,73845.36,Groundnut
Groundnut,2022,3,8633.11,86331.08,Groundnut
Groundnut,2022,4,7836.83,78368.35,Groundnut
Groundnut,2022,5,8692.69,86926.86,Groundnut
Groundnut,2022,6,6708.54,67085.41,Groundnut
Groundnut,2022,7,7681.73,76817.26,Groundnut
Groundnut,2022,8,6587.8,65878.0,Groundnut
Groundnut,2022,9,6057.0,60569.95,Groundnut
Groundnut,2022,10,6234.08,62340.77,Groundnut
Groundnut,2022,11,6572.14,65721.41,Groundnut
Groundnut,2022,12,7340.93,73409.26,Groundnut
Groundnut,2023,1,8094.99,80949.95,Groundnut
Groundnut,2023,2,7671.82,76718.16,Groundnut
Groundnut,2023,3,8124.14,81241.4,Groundnut
Groundnut,2023,4,9418.91,94189.14,Groundnut
Groundnut,2023,5,8843.84,88438.41,Groundnut
Groundnut,2023,6,7658.3,76583.04,Groundnut
Groundnut,2023,7,7051.37,70513.73,Groundnut
Groundnut,2023,8,6824.05,68240.46,Groundnut
Groundnut,2023,9,6986.88,69868.82,Groundnut
Groundnut,2023,10,6206.09,62060.85,Groundnut
Groundnut,2023,11,6885.25,68852.51,Groundnut
Groundnut,2023,12,6412.2,64121.98,Groundnut
Groundnut,2024,1,8343.22,83432.18,Groundnut
Groundnut,2024,2,8800.04,88000.38,Groundnut
Groundnut,2024,3,8142.59,81425.93,Groundnut
Groundnut,2024,4,9420.38,94203.83,Groundnut
Groundnut,2024,5,7292.17,72921.75,Groundnut
Groundnut,2024,6,6797.95,67979.45,Groundnut
Groundnut,2024,7,7446.35,74463.49,Groundnut
Groundnut,2024,8,7622.31,76223.13,Groundnut
Groundnut,2024,9,7863.57,78635.7,Groundnut
Groundnut,2024,10,6774.97,67749.68,Groundnut
Groundnut,2024,11,7946.24,79462.44,Groundnut
Groundnut,2024,12,7676.28,76762.79,Groundnut
Groundnut,2025,1,8283.99,82839.94,Groundnut
Groundnut,2025,2,9307.34,93073.4,Groundnut
Groundnut,2025,3,9259.24,92592.35,Groundnut
Groundnut,2025,4,7596.56,75965.57,Groundnut
Groundnut,2025,5,9392.24,93922.35,Groundnut
Groundnut,2025,6,8883.26,88832.58,Groundnut
Groundnut,2025,7,7219.66,72196.58,Groundnut
Groundnut,2025,8,7538.56,75385.56,Groundnut
Groundnut,2025,9,7484.56,74845.61,Groundnut
Groundnut,2025,10,7459.56,74595.63,Groundnut
Groundnut,2025,11,7265.41,72654.14,Groundnut
Groundnut,2025,12,7570.16,75701.61,Groundnut
Cotton,2015,1,5763.19,57631.94,Cotton
Cotton,2015,2,6537.0,65370.02,Cotton
Cotton,2015,3,6313.1,63131.02,Cotton
Cotton,2015,4,5799.12,57991.21,Cotton
Cotton,2015,5,6131.52,61315.25,Cotton
Cotton,2015,6,4246.64,42466.41,Cotton
Cotton,2015,7,5705.18,57051.84,Cotton
Cotton,2015,8,4324.5,43245.04,Cotton
Cotton,2015,9,4806.47,48064.73,Cotton
Cotton,2015,10,4573.7,45736.96,Cotton
Cotton,2015,11,4683.82,46838.23,Cotton
Cotton,2015,12,6010.76,60107.64,Cotton
Cotton,2016,1,5892.46,58924.57,Cotton
Cotton,2016,2,6510.5,65104.98,Cotton
Cotton,2016,3,6388.93,63889.28,Cotton
Cotton,2016,4,6576.65,65766.53,Cotton
Cotton,2016,5,6159.12,61591.21,Cotton
Cotton,2016,6,5231.61,52316.12,Cotton
Cotton,2016,7,5979.93,59799.26,Cotton
Cotton,2016,8,5114.76,51147.63,Cotton
Cotton,2016,9,4593.61,45936.09,Cotton
Cotton,2016,10,5142.73,51427.26,Cotton
Cotton,2016,11,6203.46,62034.57,Cotton
Cotton,2016,12,6226.54,62265.43,Cotton
Cotton,2017,1,6287.59,62875.93,Cotton
Cotton,2017,2,6506.45,65064.52,Cotton
Cotton,2017,3,6601.65,66016.48,Cotton
Cotton,2017,4,7805.52,78055.24,Cotton
Cotton,2017,5,6665.63,66656.29,Cotton
Cotton,2017,6,6371.92,63719.25,Cotton
Cotton,2017,7,6334.34,63343.38,Cotton
Cotton,2017,8,5734.01,57340.13,Cotton
Cotton,2017,9,5429.11,54291.1,Cotton
Cotton,2017,10,5538.15,55381.47,Cotton
Cotton,2017,11,5818.48,58184.79,Cotton
Cotton,2017,12,6141.66,61416.57,Cotton
Cotton,2018,1,7211.17,72111.75,Cotton
Cotton,2018,2,7081.36,70813.56,Cotton
Cotton,2018,3,7557.43,75574.25,Cotton
Cotton,2018,4,7006.51,70065.13,Cotton
Cotton,2018,5,6857.37,68573.69,Cotton
Cotton,2018,6,5452.53,54525.34,Cotton
Cotton,2018,7,6617.47,66174.69,Cotton
Cotton,2018,8,6092.27,60922.67,Cotton
Cotton,2018,9,6307.35,63073.5,Cotton
Cotton,2018,10,4554.44,45544.41,Cotton
Cotton,2018,11,7195.57,71955.7,Cotton
Cotton,2018,12,6417.53,64175.25,Cotton
Cotton,2019,1,7795.86,77958.56,Cotton
Cotton,2019,2,6794.12,67941.21,Cotton
Cotton,2019,3,7869.76,78697.62,Cotton
Cotton,2019,4,6786.11,67861.12,Cotton
Cotton,2019,5,6803.66,68036.55,Cotton
Cotton,2019,6,7864.3,78642.96,Cotton
Cotton,2019,7,6380.17,63801.65,Cotton
Cotton,2019,8,6337.73,63377.28,Cotton
Cotton,2019,9,6565.24,65652.38,Cotton
Cotton,2019,10,6476.39,64763.94,Cotton
Cotton,2019,11,6556.97,65569.65,Cotton
Cotton,2019,12,7019.12,70191.23,Cotton
Cotton,2020,1,8950.99,89509.91,Cotton
Cotton,2020,2,7733.4,77333.96,Cotton
Cotton,2020,3,7991.53,79915.32,Cotton
Cotton,2020,4,8422.23,84222.28,Cotton
Cotton,2020,5,8171.48,81714.79,Cotton
Cotton,2020,6,7828.98,78289.81,Cotton
Cotton,2020,7,7139.59,71395.86,Cotton
Cotton,2020,8,5933.61,59336.14,Cotton
Cotton,2020,9,7275.89,72758.91,Cotton
Cotton,2020,10,5931.87,59318.68,Cotton
Cotton,2020,11,6956.95,69569.52,Cotton
Cotton,2020,12,6718.55,67185.54,Cotton
Cotton,2021,1,7813.7,78137.01,Cotton
Cotton,2021,2,8341.56,83415.56,Cotton
Cotton,2021,3,8439.53,84395.3,Cotton
Cotton,2021,4,8402.13,84021.3,Cotton
Cotton,2021,5,8867.93,88679.27,Cotton
Cotton,2021,6,7751.39,77513.95,Cotton
Cotton,2021,7,6967.2,69672.02,Cotton
Cotton,2021,8,7359.16,73591.61,Cotton
Cotton,2021,9,7372.6,73726.01,Cotton
Cotton,2021,10,6161.23,61612.31,Cotton
Cotton,2021,11,7445.61,74456.1,Cotton
Cotton,2021,12,7899.58,78995.82,Cotton
Cotton,2022,1,8005.29,80052.86,Cotton
Cotton,2022,2,9420.35,94203.46,Cotton
Cotton,2022,3,8487.87,84878.7,Cotton
Cotton,2022,4,8571.62,85716.21,Cotton
Cotton,2022,5,8086.96,80869.58,Cotton
Cotton,2022,6,7819.73,78197.34,Cotton
Cotton,2022,7,6768.79,67687.95,Cotton
Cotton,2022,8,6311.81,63118.1,Cotton
Cotton,2022,9,7925.62,79256.22,Cotton
Cotton,2022,10,6650.28,66502.81,Cotton
Cotton,2022,11,6831.05,68310.49,Cotton
Cotton,2022,12,6464.56,64645.62,Cotton
Cotton,2023,1,8110.1,81101.04,Cotton
Cotton,2023,2,7908.73,79087.32,Cotton
Cotton,2023,3,10130.21,101302.08,Cotton
Cotton,2023,4,9559.49,95594.87,Cotton
Cotton,2023,5,8076.47,80764.7,Cotton
Cotton,2023,6,9606.79,96067.86,Cotton
Cotton,2023,7,8340.36,83403.59,Cotton
Cotton,2023,8,7241.84,72418.44,Cotton
Cotton,2023,9,5861.15,58611.48,Cotton
Cotton,2023,10,8797.72,87977.18,Cotton
Cotton,2023,11,6873.35,68733.55,Cotton
Cotton,2023,12,7068.52,70685.16,Cotton
Cotton,2024,1,9621.04,96210.38,Cotton
Cotton,2024,2,10999.87,109998.69,Cotton
Cotton,2024,3,10348.78,103487.82,Cotton
Cotton,2024,4,9618.72,96187.2,Cotton
Cotton,2024,5,9316.66,93166.56,Cotton
Cotton,2024,6,9048.27,90482.74,Cotton
Cotton,2024,7,8535.04,85350.38,Cotton
Cotton,2024,8,7910.51,79105.11,Cotton
Cotton,2024,9,7686.55,76865.46,Cotton
Cotton,2024,10,7697.74,76977.36,Cotton
Cotton,2024,11,7561.16,75611.58,Cotton
Cotton,2024,12,8279.81,82798.15,Cotton
Cotton,2025,1,7988.57,79885.66,Cotton
Cotton,2025,2,9486.88,94868.76,Cotton
Cotton,2025,3,8914.44,89144.35,Cotton
Cotton,2025,4,8717.89,87178.92,Cotton
Cotton,2025,5,9372.98,93729.78,Cotton
Cotton,2025,6,9779.97,97799.7,Cotton
Cotton,2025,7,8974.17,89741.7,Cotton
Cotton,2025,8,7028.02,70280.16,Cotton
Cotton,2025,9,7292.97,72929.72,Cotton
Cotton,2025,10,8642.84,86428.43,Cotton
Cotton,2025,11,7702.91,77029.12,Cotton
Cotton,2025,12,8641.86,86418.58,Cotton
Sugarcane,2015,1,328.86,3288.61,Sugarcane
Sugarcane,2015,2,300.73,3007.28,Sugarcane
Sugarcane,2015,3,332.78,3327.82,Sugarcane
Sugarcane,2015,4,291.19,2911.91,Sugarcane
Sugarcane,2015,5,299.85,2998.46,Sugarcane
Sugarcane,2015,6,307.67,3076.75,Sugarcane
Sugarcane,2015,7,248.68,2486.8,Sugarcane
Sugarcane,2015,8,283.68,2836.75,Sugarcane
Sugarcane,2015,9,269.58,2695.76,Sugarcane
Sugarcane,2015,10,286.13,2861.31,Sugarcane
Sugarcane,2015,11,290.11,2901.05,Sugarcane
Sugarcane,2015,12,332.74,3327.39,Sugarcane
Sugarcane,2016,1,337.24,3372.45,Sugarcane
Sugarcane,2016,2,333.67,3336.69,Sugarcane
Sugarcane,2016,3,353.22,3532.22,Sugarcane
Sugarcane,2016,4,360.56,3605.58,Sugarcane
Sugarcane,2016,5,335.21,3352.05,Sugarcane
Sugarcane,2016,6,319.03,3190.33,Sugarcane
Sugarcane,2016,7,285.13,2851.34,Sugarcane
Sugarcane,2016,8,275.06,2750.57,Sugarcane
Sugarcane,2016,9,254.09,2540.86,Sugarcane
Sugarcane,2016,10,331.12,3311.15,Sugarcane
Sugarcane,2016,11,272.04,2720.38,Sugarcane
Sugarcane,2016,12,300.37,3003.72,Sugarcane
Sugarcane,2017,1,332.52,3325.24,Sugarcane
Sugarcane,2017,2,391.24,3912.37,Sugarcane
Sugarcane,2017,3,360.88,3608.79,Sugarcane
Sugarcane,2017,4,401.54,4015.42,Sugarcane
Sugarcane,2017,5,333.79,3337.91,Sugarcane
Sugarcane,2017,6,343.5,3434.99,Sugarcane
Sugarcane,2017,7,297.87,2978.69,Sugarcane
Sugarcane,2017,8,359.57,3595.7,Sugarcane
Sugarcane,2017,9,273.67,2736.7,Sugarcane
Sugarcane,2017,10,314.51,3145.08,Sugarcane
Sugarcane,2017,11,335.38,3353.84,Sugarcane
Sugarcane,2017,12,347.12,3471.23,Sugarcane
Sugarcane,2018,1,366.19,3661.9,Sugarcane
Sugarcane,2018,2,380.66,3806.62,Sugarcane
Sugarcane,2018,3,390.76,3907.65,Sugarcane
Sugarcane,2018,4,380.13,3801.34,Sugarcane
Sugarcane,2018,5,400.36,4003.62,Sugarcane
Sugarcane,2018,6,416.6,4166.02,Sugarcane
Sugarcane,2018,7,321.3,3213.01,Sugarcane
Sugarcane,2018,8,287.91,2879.09,Sugarcane
Sugarcane,2018,9,316.35,3163.5,Sugarcane
Sugarcane,2018,10,390.07,3900.73,Sugarcane
Sugarcane,2018,11,314.68,3146.78,Sugarcane
Sugarcane,2018,12,400.42,4004.2,Sugarcane
Sugarcane,2019,1,443.02,4430.25,Sugarcane
Sugarcane,2019,2,386.31,3863.15,Sugarcane
Sugarcane,2019,3,427.83,4278.26,Sugarcane
Sugarcane,2019,4,456.87,4568.74,Sugarcane
Sugarcane,2019,5,378.75,3787.53,Sugarcane
Sugarcane,2019,6,365.94,3659.41,Sugarcane
Sugarcane,2019,7,336.95,3369.55,Sugarcane
Sugarcane,2019,8,312.2,3122.0,Sugarcane
Sugarcane,2019,9,317.41,3174.1,Sugarcane
Sugarcane,2019,10,306.51,3065.14,Sugarcane
Sugarcane,2019,11,354.36,3543.64,Sugarcane
Sugarcane,2019,12,349.09,3490.86,Sugarcane
Sugarcane,2020,1,417.16,4171.59,Sugarcane
Sugarcane,2020,2,371.03,3710.27,Sugarcane
Sugarcane,2020,3,440.36,4403.56,Sugarcane
Sugarcane,2020,4,452.03,4520.33,Sugarcane
Sugarcane,2020,5,344.19,3441.85,Sugarcane
Sugarcane,2020,6,401.67,4016.71,Sugarcane
Sugarcane,2020,7,406.89,4068.88,Sugarcane
Sugarcane,2020,8,321.75,3217.53,Sugarcane
Sugarcane,2020,9,397.97,3979.66,Sugarcane
Sugarcane,2020,10,368.17,3681.66,Sugarcane
Sugarcane,2020,11,349.6,3496.03,Sugarcane
Sugarcane,2020,12,388.26,3882.6,Sugarcane
Sugarcane,2021,1,447.53,4475.35,Sugarcane
Sugarcane,2021,2,446.03,4460.29,Sugarcane
Sugarcane,2021,3,468.14,4681.43,Sugarcane
Sugarcane,2021,4,410.68,4106.81,Sugarcane
Sugarcane,2021,5,434.2,4342.04,Sugarcane
Sugarcane,2021,6,361.86,3618.56,Sugarcane
Sugarcane,2021,7,384.15,3841.51,Sugarcane
Sugarcane,2021,8,345.72,3457.18,Sugarcane
Sugarcane,2021,9,345.59,3455.93,Sugarcane
Sugarcane,2021,10,409.52,4095.18,Sugarcane
Sugarcane,2021,11,421.44,4214.39,Sugarcane
Sugarcane,2021,12,427.88,4278.82,Sugarcane
Sugarcane,2022,1,408.21,4082.13,Sugarcane
Sugarcane,2022,2,451.18,4511.76,Sugarcane
Sugarcane,2022,3,514.08,5140.77,Sugarcane
Sugarcane,2022,4,468.14,4681.41,Sugarcane
Sugarcane,2022,5,530.29,5302.95,Sugarcane
Sugarcane,2022,6,439.4,4394.04,Sugarcane
Sugarcane,2022,7,410.92,4109.18,Sugarcane
Sugarcane,2022,8,379.48,3794.85,Sugarcane
Sugarcane,2022,9,387.5,3874.96,Sugarcane
Sugarcane,2022,10,384.36,3843.61,Sugarcane
Sugarcane,2022,11,427.63,4276.26,Sugarcane
Sugarcane,2022,12,458.6,4586.04,Sugarcane
Sugarcane,2023,1,436.89,4368.86,Sugarcane
Sugarcane,2023,2,431.07,4310.71,Sugarcane
Sugarcane,2023,3,416.66,4166.56,Sugarcane
Sugarcane,2023,4,502.06,5020.58,Sugarcane
Sugarcane,2023,5,425.05,4250.49,Sugarcane
Sugarcane,2023,6,367.53,3675.29,Sugarcane
Sugarcane,2023,7,434.91,4349.12,Sugarcane
Sugarcane,2023,8,486.43,4864.31,Sugarcane
Sugarcane,2023,9,399.41,3994.06,Sugarcane
Sugarcane,2023,10,432.75,4327.52,Sugarcane
Sugarcane,2023,11,424.56,4245.61,Sugarcane
Sugarcane,2023,12,440.49,4404.87,Sugarcane
Sugarcane,2024,1,520.77,5207.68,Sugarcane
Sugarcane,2024,2,490.35,4903.53,Sugarcane
Sugarcane,2024,3,519.07,5190.71,Sugarcane
Sugarcane,2024,4,514.93,5149.3,Sugarcane
Sugarcane,2024,5,459.17,4591.73,Sugarcane
Sugarcane,2024,6,498.67,4986.66,Sugarcane
Sugarcane,2024,7,432.76,4327.57,Sugarcane
Sugarcane,2024,8,396.48,3964.76,Sugarcane
Sugarcane,2024,9,433.65,4336.46,Sugarcane
Sugarcane,2024,10,391.66,3916.58,Sugarcane
Sugarcane,2024,11,439.89,4398.89,Sugarcane
Sugarcane,2024,12,461.66,4616.63,Sugarcane
Sugarcane,2025,1,547.78,5477.83,Sugarcane
Sugarcane,2025,2,541.38,5413.76,Sugarcane
Sugarcane,2025,3,526.94,5269.43,Sugarcane
Sugarcane,2025,4,555.69,5556.91,Sugarcane
Sugarcane,2025,5,560.05,5600.53,Sugarcane
Sugarcane,2025,6,501.42,5014.2,Sugarcane
Sugarcane,2025,7,456.38,4563.78,Sugarcane
Sugarcane,2025,8,392.42,3924.19,Sugarcane
Sugarcane,2025,9,395.19,3951.9,Sugarcane
Sugarcane,2025,10,427.73,4277.25,Sugarcane
Sugarcane,2025,11,433.76,4337.65,Sugarcane
Sugarcane,2025,12,472.82,4728.2,Sugarcane
